<?xml version="1.0" encoding="UTF-8"?>
<?xml-stylesheet type="text/xsl" href="ProiectBrutarie.xsl"?>

<brutarie  brutaria="Brutaria Magda" oras="Timisoara" tip="Policlinica">
    
    <categorie nume="Paine">
        
        
        <produs>
            <nume>Pâine cu făina de orez și migdale</nume>
            <um>Bucăți</um>
            <pret_unitar>12 lei</pret_unitar> 
            <compozitie>Drojdie, Faină de orez, Sare, Migdale, Semințe de in, Susan, Ulei de floarea soarelui</compozitie>
            <vanzari>175</vanzari>
        </produs>
        
        <produs>
            <nume>Pâine nefeliată</nume>
            <um>Bucăți</um>
            <pret_unitar>5 lei</pret_unitar> 
            <compozitie>Drojdie, Faină, Sare</compozitie>
            <vanzari>280</vanzari>
        </produs>
        <produs>
            <nume>Pâine cu cereale</nume>
            <um>Bucăți</um>
            <pret_unitar>8 lei</pret_unitar> 
            <compozitie>Drojdie, Faină, Sare, Ouă, Cereale</compozitie>
            <vanzari>350</vanzari>
        </produs>
        <produs>
            <nume>Pâine feliată</nume>
            <um>Bucăți</um>
            <pret_unitar>6 lei</pret_unitar> 
            <compozitie>Drojdie Faină Sare</compozitie>
            <vanzari>400</vanzari>
        </produs>
        <produs>
            <nume>Pâine din făinuri fără gluten fără semințe</nume>
            <um>Bucăți</um>
            <pret_unitar>9 lei</pret_unitar> 
            <compozitie>Faină, Sare, Tărâțe de psyllium, Amidon de cartof</compozitie>
            <vanzari>250</vanzari>
        </produs>
        <produs>
            <nume>Pâine din făinuri fără gluten cu semințe</nume>
            <um>Bucăți</um>
            <pret_unitar>10 lei</pret_unitar> 
            <compozitie>Faină, Sare, Făină de migdale, Tărâțe de psyllium, Amidon de cartof</compozitie>
            <vanzari>300</vanzari>
        </produs>
     
        <produs>
            <nume>Pâine cu făina de orez și cânepă</nume>
            <um>Bucăți</um>
            <pret_unitar>10 lei</pret_unitar> 
            <compozitie>Faină de orez, Sare, Făină de cânepă, Tărâțe de psyllium, Amidon de cartof</compozitie>
            <vanzari>320</vanzari>
        </produs>
       
        
    </categorie>
    
    <categorie nume="Cozonac">
        
        <produs>
            <nume>Cozonac cu rahat</nume>
            <um>Bucăți</um>
            <pret_unitar>9 lei</pret_unitar> 
            <compozitie>Drojdie, Faină, Sare, Rahat, Zahăr</compozitie>
            <vanzari>500</vanzari>
        </produs>
        <produs>
            <nume>Cozonac cu nucă</nume>
            <um>Bucăți</um>
            <pret_unitar>11 lei</pret_unitar> 
            <compozitie>Drojdie, Faină, Sare, Ouă, Zahăr, Nucă</compozitie>
            <vanzari>430</vanzari>
        </produs>
        <produs>
            <nume>Cozonac cu mac</nume>
            <um>Bucăți</um>
            <pret_unitar>10 lei</pret_unitar> 
            <compozitie>Drojdie, Faină, Sare, Zahăr, Mac, Ouă</compozitie>
            <vanzari>425</vanzari>
        </produs>
        <produs>
            <nume>Cozonac cu vanilie</nume>
            <um>Bucăți</um>
            <pret_unitar>7 lei</pret_unitar> 
            <compozitie>Drojdie, Faină, Vanilie, Rahat, Zahăr, Ouă</compozitie>
            <vanzari>360</vanzari>
        </produs>
        
    </categorie>
    
    
    <categorie nume="Cornulete">
        
        <produs>
            <nume>Cornulețe cu vanilie</nume>
            <um>Bucăți</um>
            <pret_unitar>11 lei</pret_unitar> 
            <compozitie>Drojdie, Faină, Sare, Vanilie, Zahăr, Ouă</compozitie>
            <vanzari>230</vanzari>
        </produs>
        <produs>
            <nume>Corn cu vanilie</nume>
            <um>Bucăți</um>
            <pret_unitar>3 lei</pret_unitar> 
            <compozitie> Faină, Vanilie, Zahăr, Ouă</compozitie>
            <vanzari>155</vanzari>
        </produs>
        <produs>
            <nume>Corn cu cacao</nume>
            <um>Bucăți</um>
            <pret_unitar>3 lei</pret_unitar> 
            <compozitie>Faină, Lapte, Cacao, Zahăr, Ouă</compozitie>
            <vanzari>350</vanzari>
        </produs>
        <produs>
            <nume>Cornulețe cu cașcaval</nume>
            <um>Bucăți</um>
            <pret_unitar>2 lei</pret_unitar> 
            <compozitie>Drojdie, Faină, Sare, Ouă, Brânzeturi</compozitie>
            <vanzari>360</vanzari>
        </produs>
        
    </categorie>
    
    <categorie nume="Fursecuri">
        
        <produs>
            <nume>Fursecuri cu nucă</nume>
            <um>Bucăți</um>
            <pret_unitar>4 lei</pret_unitar> 
            <compozitie>Unt, Faină, Sare, Nucă, Zahăr</compozitie>
            <vanzari>450</vanzari>
        </produs>
        <produs>
            <nume>Fursecuri cu ciocolată</nume>
            <um>Bucăți</um>
            <pret_unitar>4 lei</pret_unitar> 
            <compozitie> Unt, Zahăr, Ouă, Făină, Ciocolată</compozitie>
            <vanzari>550</vanzari>
        </produs>
    </categorie>
    
    <categorie nume="Saratele">
        
        <produs>
            <nume>Sărățele cu susan</nume>
            <um>Bucăți</um>
            <pret_unitar>2 lei</pret_unitar> 
            <compozitie>Drojdie, Faină, Sare, Susan, Ouă</compozitie>
            <vanzari>210</vanzari>
        </produs>
        <produs>
            <nume>Sărățele cu mac</nume>
            <um>Bucăți</um>
            <pret_unitar>2 lei</pret_unitar> 
            <compozitie> Drojdie, Sare, Ouă, Făină, Mac</compozitie>
            <vanzari>190</vanzari>
        </produs>
    </categorie>
    
    <categorie nume="Melci">
        
        <produs>
            <nume>Melc cu nucă</nume>
            <um>Bucăți</um>
            <pret_unitar>2 lei</pret_unitar> 
            <compozitie>Faină, Nucă, Zahăr, Ouă</compozitie>
            <vanzari>210</vanzari>
        </produs>
        <produs>
            <nume>Melc cu mac</nume>
            <um>Bucăți</um>
            <pret_unitar>2 lei</pret_unitar> 
            <compozitie>Zahăr, Ouă, Făină, Mac</compozitie>
            <vanzari>190</vanzari>
        </produs>
    </categorie>
    
    <categorie nume="Altele">
        
        <produs>
            <nume>Crochete cu cascaval</nume>
            <um>Bucăți</um>
            <pret_unitar>2 lei</pret_unitar> 
            <compozitie>Faină, Drojdie, Sare, Ouă, Brânzeturi</compozitie>
            <vanzari>370</vanzari>
        </produs>
        <produs>
            <nume>Brânzoaice</nume>
            <um>Bucăți</um>
            <pret_unitar>2 lei</pret_unitar> 
            <compozitie>Drojdie, Ouă, Făină, Brânzeturi, Sare</compozitie>
            <vanzari>310</vanzari>
        </produs>
        <produs>
            <nume>Foietaj cu brânză</nume>
            <um>Bucăți</um>
            <pret_unitar>2 lei</pret_unitar> 
            <compozitie>Faină, Drojdie, Sare, Ouă, Brânzeturi</compozitie>
            <vanzari>80</vanzari>
        </produs>
        <produs>
            <nume>Pogacele cu jumere</nume>
            <um>Bucăți</um>
            <pret_unitar>2 lei</pret_unitar> 
            <compozitie>Faină, Drojdie, Sare, Jumeri</compozitie>
            <vanzari>150</vanzari>
        </produs>
        <produs>
            <nume>Biscuiți sărați cu semințe</nume>
            <um>Bucăți</um>
            <pret_unitar>3 lei</pret_unitar> 
            <compozitie>Faină, Susan, Sare, Semințe de in, Ulei de floarea soarelui</compozitie>
            <vanzari>300</vanzari>
        </produs>
    </categorie>
</brutarie>

